﻿<?xml version="1.0" encoding="utf-8"?>
<CD_Sync_Portable Version="1.0">
  <ApplicationSettings>
    <UserInterface>
      <AutoPlayAudios>0</AutoPlayAudios>
      <AutoPlayVideos>0</AutoPlayVideos>
      <BrowserViewSetting>0</BrowserViewSetting>
      <ExtendedPropertiesPanelSplitterDistance>536</ExtendedPropertiesPanelSplitterDistance>
      <HideObjectsWithAttributes>12</HideObjectsWithAttributes>
      <ImageBrowserHeight>377</ImageBrowserHeight>
      <ImageBrowserWidth>274</ImageBrowserWidth>
      <MainWindowHeight>480</MainWindowHeight>
      <MainWindowState>2</MainWindowState>
      <MainWindowWidth>640</MainWindowWidth>
      <NotifyOfImagesInDeletedCategories>1</NotifyOfImagesInDeletedCategories>
      <NotifyOfInvisibleObjects>1</NotifyOfInvisibleObjects>
      <ShowExtendedPropertiesPanel>1</ShowExtendedPropertiesPanel>
      <ShowExtensions>1</ShowExtensions>
      <ShowHiddenWithDistinctRepresentation>1</ShowHiddenWithDistinctRepresentation>
      <ShowObjectDetailsOnBottomPanel>1</ShowObjectDetailsOnBottomPanel>
      <SpecialIconTextColor>0</SpecialIconTextColor>
      <StartPositionX>1</StartPositionX>
      <StartPositionY>1</StartPositionY>
      <VFSBrowserHeight>361</VFSBrowserHeight>
      <DetailColumnns>
        <Column>Accessed</Column>
        <Column>Album</Column>
        <Column>AlbumYear</Column>
        <Column>Artist</Column>
        <Column>Attributes</Column>
        <Column>Author</Column>
        <Column>Bitrate</Column>
        <Column>Category</Column>
        <Column>Comments</Column>
        <Column>Company</Column>
        <Column>Copyright</Column>
        <Column>Created</Column>
        <Column>Description</Column>
        <Column>Dimensions</Column>
        <Column>Duration</Column>
        <Column>Genre</Column>
        <Column>Modified</Column>
        <Column>Pages</Column>
        <Column>PVersion</Column>
        <Column>SampleRate</Column>
        <Column>Size</Column>
        <Column>Subject</Column>
        <Column>Title</Column>
        <Column>TrackNumber</Column>
        <Column>Version</Column>
        <Column>ItemType</Column>
        <Column>ProductName</Column>
      </DetailColumnns>
    </UserInterface>
    <Paths>
      <ImageListDatabase>imagelist.mdb</ImageListDatabase>
      <VFSSampleDatabase>vfssample.mdb</VFSSampleDatabase>
      <ImagesDirectory>Databases</ImagesDirectory>
      <DefaultBackupPath>C:\</DefaultBackupPath>
      <DefaultRestorePath>C:\</DefaultRestorePath>
    </Paths>
  </ApplicationSettings>
</CD_Sync_Portable>